baseline_cohort,baseline,candidate_cohort,candidate,seed,outcome,difference_pp,ci_low_pp,ci_high_pp
core,masked_ce,core,oap_supcon,11,global_parts_clean_gallery_random_joint_0.5,3.0363638401031494,-2.060605525970459,8.15151596069336
core,masked_ce,core,oap_supcon,11,global_parts_clean_gallery_dynamic_joint_0.5,1.9272725582122803,-1.9578791856765747,5.872880458831787
core,masked_ce,core,oap_supcon,11,global_parts_clean_gallery_body_part_0.5,-1.60606050491333,-5.460606098175049,2.4304568767547607
core,masked_ce,core,oap_supcon,11,global_parts_clean_gallery_temporal_0.5,0.35757580399513245,-2.4122729301452637,3.194093704223633
core,masked_ce,core,oap_supcon,22,global_parts_clean_gallery_random_joint_0.5,-2.327272653579712,-7.624241828918457,2.9637906551361084
core,masked_ce,core,oap_supcon,22,global_parts_clean_gallery_dynamic_joint_0.5,-1.8727272748947144,-6.600455284118652,2.8122754096984863
core,masked_ce,core,oap_supcon,22,global_parts_clean_gallery_body_part_0.5,-1.9878787994384766,-5.515151500701904,1.4304567575454712
core,masked_ce,core,oap_supcon,22,global_parts_clean_gallery_temporal_0.5,3.2363638877868652,0.15742406249046326,6.375756740570068
core,masked_ce,core,oap_supcon,33,global_parts_clean_gallery_random_joint_0.5,6.721211910247803,2.733333110809326,10.860760688781738
core,masked_ce,core,oap_supcon,33,global_parts_clean_gallery_dynamic_joint_0.5,4.842424392700195,1.3756060600280762,8.321212768554688
core,masked_ce,core,oap_supcon,33,global_parts_clean_gallery_body_part_0.5,-2.0303032398223877,-4.515151500701904,0.23636353015899658
core,masked_ce,core,oap_supcon,33,global_parts_clean_gallery_temporal_0.5,3.327272891998291,0.6301515102386475,6.030457496643066
core,masked_ce,core,oap_supcon,44,global_parts_clean_gallery_random_joint_0.5,-1.7696969509124756,-8.497272491455078,4.939393520355225
core,masked_ce,core,oap_supcon,44,global_parts_clean_gallery_dynamic_joint_0.5,1.4606060981750488,-3.600151538848877,6.357576847076416
core,masked_ce,core,oap_supcon,44,global_parts_clean_gallery_body_part_0.5,-3.1575753688812256,-6.521363735198975,-0.14530044794082642
core,masked_ce,core,oap_supcon,44,global_parts_clean_gallery_temporal_0.5,-0.672727108001709,-3.496969223022461,2.0
core,masked_ce,core,oap_supcon,55,global_parts_clean_gallery_random_joint_0.5,3.6424241065979004,-1.139545202255249,8.72742748260498
core,masked_ce,core,oap_supcon,55,global_parts_clean_gallery_dynamic_joint_0.5,1.660606026649475,-2.5757577419281006,6.090909004211426
core,masked_ce,core,oap_supcon,55,global_parts_clean_gallery_body_part_0.5,0.32121211290359497,-2.387878894805908,3.21212100982666
core,masked_ce,core,oap_supcon,55,global_parts_clean_gallery_temporal_0.5,5.818182468414307,2.9936366081237793,8.715150833129883
ablation,oap_supcon,ablation,no_complete_partial,11,global_parts_clean_gallery_random_joint_0.5,5.521212100982666,1.7212120294570923,9.381973266601562
ablation,oap_supcon,ablation,no_complete_partial,11,global_parts_clean_gallery_dynamic_joint_0.5,3.3818180561065674,0.6363638639450073,6.127427577972412
ablation,oap_supcon,ablation,no_complete_partial,11,global_parts_clean_gallery_body_part_0.5,1.187878966331482,-0.2789393663406372,2.6181821823120117
ablation,oap_supcon,ablation,no_complete_partial,11,global_parts_clean_gallery_temporal_0.5,3.83030366897583,2.0604546070098877,5.593939781188965
ablation,oap_supcon,ablation,no_complete_partial,22,global_parts_clean_gallery_random_joint_0.5,16.084848403930664,11.57575798034668,20.393939971923828
ablation,oap_supcon,ablation,no_complete_partial,22,global_parts_clean_gallery_dynamic_joint_0.5,10.206060409545898,6.721212863922119,13.581818580627441
ablation,oap_supcon,ablation,no_complete_partial,22,global_parts_clean_gallery_body_part_0.5,2.5333333015441895,0.6606061458587646,4.345454692840576
ablation,oap_supcon,ablation,no_complete_partial,22,global_parts_clean_gallery_temporal_0.5,1.4484848976135254,-0.5757575035095215,3.4850027561187744
ablation,oap_supcon,ablation,no_complete_partial,33,global_parts_clean_gallery_random_joint_0.5,9.860607147216797,6.351515769958496,13.357575416564941
ablation,oap_supcon,ablation,no_complete_partial,33,global_parts_clean_gallery_dynamic_joint_0.5,4.151515483856201,1.5818181037902832,6.7393927574157715
ablation,oap_supcon,ablation,no_complete_partial,33,global_parts_clean_gallery_body_part_0.5,1.793939471244812,-0.7030304670333862,4.260760307312012
ablation,oap_supcon,ablation,no_complete_partial,33,global_parts_clean_gallery_temporal_0.5,4.690909385681152,2.8606061935424805,6.551670074462891
ablation,oap_supcon,ablation,no_complete_partial,44,global_parts_clean_gallery_random_joint_0.5,10.272726058959961,5.527273654937744,14.963635444641113
ablation,oap_supcon,ablation,no_complete_partial,44,global_parts_clean_gallery_dynamic_joint_0.5,4.503029823303223,1.4722726345062256,7.563790798187256
ablation,oap_supcon,ablation,no_complete_partial,44,global_parts_clean_gallery_body_part_0.5,4.181818008422852,1.8000003099441528,6.6909098625183105
ablation,oap_supcon,ablation,no_complete_partial,44,global_parts_clean_gallery_temporal_0.5,6.43030309677124,4.727273464202881,8.187878608703613
ablation,oap_supcon,ablation,no_complete_partial,55,global_parts_clean_gallery_random_joint_0.5,4.21818208694458,-0.4425758421421051,8.757729530334473
ablation,oap_supcon,ablation,no_complete_partial,55,global_parts_clean_gallery_dynamic_joint_0.5,2.806060552597046,-0.8304547667503357,6.43030309677124
ablation,oap_supcon,ablation,no_complete_partial,55,global_parts_clean_gallery_body_part_0.5,1.2121211290359497,-0.5757577419281006,2.9334876537323
ablation,oap_supcon,ablation,no_complete_partial,55,global_parts_clean_gallery_temporal_0.5,1.5818182229995728,0.024242401123046875,3.103184461593628
ablation,no_part,ablation,oap_supcon,11,global_parts_clean_gallery_random_joint_0.5,11.969696998596191,7.945455074310303,15.80636978149414
ablation,no_part,ablation,oap_supcon,11,global_parts_clean_gallery_dynamic_joint_0.5,10.169696807861328,7.260605812072754,12.993940353393555
ablation,no_part,ablation,oap_supcon,11,global_parts_clean_gallery_body_part_0.5,2.260606050491333,-0.2183333933353424,4.745608329772949
ablation,no_part,ablation,oap_supcon,11,global_parts_clean_gallery_temporal_0.5,4.557575702667236,2.8483335971832275,6.309090614318848
ablation,no_part,ablation,oap_supcon,22,global_parts_clean_gallery_random_joint_0.5,7.836363315582275,3.6907575130462646,11.90318489074707
ablation,no_part,ablation,oap_supcon,22,global_parts_clean_gallery_dynamic_joint_0.5,4.036364555358887,0.5936364531517029,7.485156536102295
ablation,no_part,ablation,oap_supcon,22,global_parts_clean_gallery_body_part_0.5,-0.44848495721817017,-3.2062125205993652,2.200000047683716
ablation,no_part,ablation,oap_supcon,22,global_parts_clean_gallery_temporal_0.5,6.969696998596191,4.163636207580566,9.691062927246094
ablation,no_part,ablation,oap_supcon,33,global_parts_clean_gallery_random_joint_0.5,10.048483848571777,5.642272472381592,14.47272777557373
ablation,no_part,ablation,oap_supcon,33,global_parts_clean_gallery_dynamic_joint_0.5,13.121212005615234,10.030303955078125,16.230457305908203
ablation,no_part,ablation,oap_supcon,33,global_parts_clean_gallery_body_part_0.5,2.739394187927246,1.0787878036499023,4.442424774169922
ablation,no_part,ablation,oap_supcon,33,global_parts_clean_gallery_temporal_0.5,8.57575798034668,6.199848175048828,10.927427291870117
ablation,no_part,ablation,oap_supcon,44,global_parts_clean_gallery_random_joint_0.5,1.63636314868927,-3.139394521713257,6.085156440734863
ablation,no_part,ablation,oap_supcon,44,global_parts_clean_gallery_dynamic_joint_0.5,4.7515153884887695,1.3634847402572632,8.127272605895996
ablation,no_part,ablation,oap_supcon,44,global_parts_clean_gallery_body_part_0.5,-0.6000000238418579,-2.236363649368286,0.8545454740524292
ablation,no_part,ablation,oap_supcon,44,global_parts_clean_gallery_temporal_0.5,4.278787612915039,2.0969698429107666,6.387879848480225
ablation,no_part,ablation,oap_supcon,55,global_parts_clean_gallery_random_joint_0.5,10.236364364624023,5.181666851043701,15.303030967712402
ablation,no_part,ablation,oap_supcon,55,global_parts_clean_gallery_dynamic_joint_0.5,10.030302047729492,6.26060676574707,13.812121391296387
ablation,no_part,ablation,oap_supcon,55,global_parts_clean_gallery_body_part_0.5,3.21818208694458,1.4181818962097168,5.066667079925537
ablation,no_part,ablation,oap_supcon,55,global_parts_clean_gallery_temporal_0.5,7.6060614585876465,5.2727274894714355,9.975756645202637
