cohort,run_id,backbone,method,seed,commit,dataset_sha256,epochs,weight_coordinates,clip_length,parameters,train_hours
representation_pilot,casia_b_pose_ce__clip_only_seed11_20260918T102602649159Z,tcn,ce__clip_only,11,3f00838b0e0dd262bb6b996b4db5b4d333537b62,1776934f9c734c06a9f275ecbd5dd046382dc45097ba027fd95ceb0add4eb100,120,True,60,100938,0.08944899319334783
representation_pilot,casia_b_pose_ce__confidence_only_seed11_20260918T102602650806Z,tcn,ce__confidence_only,11,3f00838b0e0dd262bb6b996b4db5b4d333537b62,1776934f9c734c06a9f275ecbd5dd046382dc45097ba027fd95ceb0add4eb100,120,False,,100938,0.17500022301049387
core,casia_b_pose_ce_seed11_20260918T112220629287Z,tcn,ce,11,b060fe06dcb4298c31bdf3dbccb281438e81f18e,1776934f9c734c06a9f275ecbd5dd046382dc45097ba027fd95ceb0add4eb100,120,False,60,100938,0.07335897577253894
core,casia_b_pose_ce_seed22_20260918T112220629328Z,tcn,ce,22,b060fe06dcb4298c31bdf3dbccb281438e81f18e,1776934f9c734c06a9f275ecbd5dd046382dc45097ba027fd95ceb0add4eb100,120,False,60,100938,0.09242375381006342
core,casia_b_pose_ce_seed33_20260918T112220633827Z,tcn,ce,33,b060fe06dcb4298c31bdf3dbccb281438e81f18e,1776934f9c734c06a9f275ecbd5dd046382dc45097ba027fd95ceb0add4eb100,120,False,60,100938,0.09050129573908634
core,casia_b_pose_ce_seed44_20260918T113357798846Z,tcn,ce,44,b060fe06dcb4298c31bdf3dbccb281438e81f18e,1776934f9c734c06a9f275ecbd5dd046382dc45097ba027fd95ceb0add4eb100,120,False,60,100938,0.07338974130727971
core,casia_b_pose_ce_seed55_20260918T113515725730Z,tcn,ce,55,b060fe06dcb4298c31bdf3dbccb281438e81f18e,1776934f9c734c06a9f275ecbd5dd046382dc45097ba027fd95ceb0add4eb100,120,False,60,100938,0.09021334455697798
core,casia_b_pose_generic_supcon_seed11_20260918T120104456714Z,tcn,generic_supcon,11,b060fe06dcb4298c31bdf3dbccb281438e81f18e,1776934f9c734c06a9f275ecbd5dd046382dc45097ba027fd95ceb0add4eb100,120,False,60,100938,0.2992637082920151
core,casia_b_pose_generic_supcon_seed22_20260918T120125188973Z,tcn,generic_supcon,22,b060fe06dcb4298c31bdf3dbccb281438e81f18e,1776934f9c734c06a9f275ecbd5dd046382dc45097ba027fd95ceb0add4eb100,120,False,60,100938,0.2945803425335584
core,casia_b_pose_generic_supcon_seed33_20260918T120846776795Z,tcn,generic_supcon,33,b060fe06dcb4298c31bdf3dbccb281438e81f18e,1776934f9c734c06a9f275ecbd5dd046382dc45097ba027fd95ceb0add4eb100,120,False,60,100938,0.27756847786924077
core,casia_b_pose_generic_supcon_seed44_20260918T122633463704Z,tcn,generic_supcon,44,b060fe06dcb4298c31bdf3dbccb281438e81f18e,1776934f9c734c06a9f275ecbd5dd046382dc45097ba027fd95ceb0add4eb100,120,False,60,100938,0.2968324038422563
core,casia_b_pose_generic_supcon_seed55_20260918T122636126238Z,tcn,generic_supcon,55,b060fe06dcb4298c31bdf3dbccb281438e81f18e,1776934f9c734c06a9f275ecbd5dd046382dc45097ba027fd95ceb0add4eb100,120,False,60,100938,0.29369077946356914
core,casia_b_pose_global_occlusion_supcon_seed11_20260918T123239656884Z,tcn,global_occlusion_supcon,11,b060fe06dcb4298c31bdf3dbccb281438e81f18e,1776934f9c734c06a9f275ecbd5dd046382dc45097ba027fd95ceb0add4eb100,120,False,60,100938,0.28932771950662656
core,casia_b_pose_global_occlusion_supcon_seed22_20260918T125143744019Z,tcn,global_occlusion_supcon,22,b060fe06dcb4298c31bdf3dbccb281438e81f18e,1776934f9c734c06a9f275ecbd5dd046382dc45097ba027fd95ceb0add4eb100,120,False,60,100938,0.3038902665935974
core,casia_b_pose_global_occlusion_supcon_seed33_20260918T125154084039Z,tcn,global_occlusion_supcon,33,b060fe06dcb4298c31bdf3dbccb281438e81f18e,1776934f9c734c06a9f275ecbd5dd046382dc45097ba027fd95ceb0add4eb100,120,False,60,100938,0.308297875972801
core,casia_b_pose_global_occlusion_supcon_seed44_20260918T125712695298Z,tcn,global_occlusion_supcon,44,b060fe06dcb4298c31bdf3dbccb281438e81f18e,1776934f9c734c06a9f275ecbd5dd046382dc45097ba027fd95ceb0add4eb100,120,False,60,100938,0.28979657840966766
core,casia_b_pose_global_occlusion_supcon_seed55_20260918T131725828814Z,tcn,global_occlusion_supcon,55,b060fe06dcb4298c31bdf3dbccb281438e81f18e,1776934f9c734c06a9f275ecbd5dd046382dc45097ba027fd95ceb0add4eb100,120,False,60,100938,0.3117375244236448
core,casia_b_pose_masked_ce_seed11_20260918T113528265427Z,tcn,masked_ce,11,b060fe06dcb4298c31bdf3dbccb281438e81f18e,1776934f9c734c06a9f275ecbd5dd046382dc45097ba027fd95ceb0add4eb100,120,False,60,100938,0.092928127943564
core,casia_b_pose_masked_ce_seed22_20260918T114535711840Z,tcn,masked_ce,22,b060fe06dcb4298c31bdf3dbccb281438e81f18e,1776934f9c734c06a9f275ecbd5dd046382dc45097ba027fd95ceb0add4eb100,120,False,60,100938,0.07406897345803574
core,casia_b_pose_masked_ce_seed33_20260918T114808471755Z,tcn,masked_ce,33,b060fe06dcb4298c31bdf3dbccb281438e81f18e,1776934f9c734c06a9f275ecbd5dd046382dc45097ba027fd95ceb0add4eb100,120,False,60,100938,0.09115049496034368
core,casia_b_pose_masked_ce_seed44_20260918T114831055677Z,tcn,masked_ce,44,b060fe06dcb4298c31bdf3dbccb281438e81f18e,1776934f9c734c06a9f275ecbd5dd046382dc45097ba027fd95ceb0add4eb100,120,False,60,100938,0.0907694487399163
core,casia_b_pose_masked_ce_seed55_20260918T115711778341Z,tcn,masked_ce,55,b060fe06dcb4298c31bdf3dbccb281438e81f18e,1776934f9c734c06a9f275ecbd5dd046382dc45097ba027fd95ceb0add4eb100,120,False,60,100938,0.0739214343458621
ablation,casia_b_pose_no_ce_seed11_20260918T201401417891Z,tcn,no_ce,11,b060fe06dcb4298c31bdf3dbccb281438e81f18e,1776934f9c734c06a9f275ecbd5dd046382dc45097ba027fd95ceb0add4eb100,120,False,60,100938,0.46039868658718963
ablation,casia_b_pose_no_ce_seed22_20260918T201729733081Z,tcn,no_ce,22,b060fe06dcb4298c31bdf3dbccb281438e81f18e,1776934f9c734c06a9f275ecbd5dd046382dc45097ba027fd95ceb0add4eb100,120,False,60,100938,0.45639131128167115
ablation,casia_b_pose_no_ce_seed33_20260918T203132856131Z,tcn,no_ce,33,b060fe06dcb4298c31bdf3dbccb281438e81f18e,1776934f9c734c06a9f275ecbd5dd046382dc45097ba027fd95ceb0add4eb100,120,False,60,100938,0.4239176910171389
ablation,casia_b_pose_no_ce_seed44_20260918T204904446531Z,tcn,no_ce,44,b060fe06dcb4298c31bdf3dbccb281438e81f18e,1776934f9c734c06a9f275ecbd5dd046382dc45097ba027fd95ceb0add4eb100,120,False,60,100938,0.45903318709228186
ablation,casia_b_pose_no_ce_seed55_20260918T205218601974Z,tcn,no_ce,55,b060fe06dcb4298c31bdf3dbccb281438e81f18e,1776934f9c734c06a9f275ecbd5dd046382dc45097ba027fd95ceb0add4eb100,120,False,60,100938,0.4575770156675329
ablation,casia_b_pose_no_complete_partial_seed11_20260918T153815883657Z,tcn,no_complete_partial,11,b060fe06dcb4298c31bdf3dbccb281438e81f18e,1776934f9c734c06a9f275ecbd5dd046382dc45097ba027fd95ceb0add4eb100,120,False,60,100938,0.5497543888389029
ablation,casia_b_pose_no_complete_partial_seed22_20260918T153847302112Z,tcn,no_complete_partial,22,b060fe06dcb4298c31bdf3dbccb281438e81f18e,1776934f9c734c06a9f275ecbd5dd046382dc45097ba027fd95ceb0add4eb100,120,False,60,100938,0.5508268009185687
ablation,casia_b_pose_no_complete_partial_seed33_20260918T154813817538Z,tcn,no_complete_partial,33,b060fe06dcb4298c31bdf3dbccb281438e81f18e,1776934f9c734c06a9f275ecbd5dd046382dc45097ba027fd95ceb0add4eb100,120,False,60,100938,0.518612233669911
ablation,casia_b_pose_no_complete_partial_seed44_20260918T161842771222Z,tcn,no_complete_partial,44,b060fe06dcb4298c31bdf3dbccb281438e81f18e,1776934f9c734c06a9f275ecbd5dd046382dc45097ba027fd95ceb0add4eb100,120,False,60,100938,0.5482030608352377
ablation,casia_b_pose_no_complete_partial_seed55_20260918T161916249858Z,tcn,no_complete_partial,55,b060fe06dcb4298c31bdf3dbccb281438e81f18e,1776934f9c734c06a9f275ecbd5dd046382dc45097ba027fd95ceb0add4eb100,120,False,60,100938,0.5504441154730092
ablation,casia_b_pose_no_global_seed11_20260918T173347624757Z,tcn,no_global,11,b060fe06dcb4298c31bdf3dbccb281438e81f18e,1776934f9c734c06a9f275ecbd5dd046382dc45097ba027fd95ceb0add4eb100,120,False,60,100938,0.45239549109000815
ablation,casia_b_pose_no_global_seed22_20260918T173435232080Z,tcn,no_global,22,b060fe06dcb4298c31bdf3dbccb281438e81f18e,1776934f9c734c06a9f275ecbd5dd046382dc45097ba027fd95ceb0add4eb100,120,False,60,100938,0.45605474491086273
ablation,casia_b_pose_no_global_seed33_20260918T180435811123Z,tcn,no_global,33,b060fe06dcb4298c31bdf3dbccb281438e81f18e,1776934f9c734c06a9f275ecbd5dd046382dc45097ba027fd95ceb0add4eb100,120,False,60,100938,0.4182900473943705
ablation,casia_b_pose_no_global_seed44_20260918T180826395901Z,tcn,no_global,44,b060fe06dcb4298c31bdf3dbccb281438e81f18e,1776934f9c734c06a9f275ecbd5dd046382dc45097ba027fd95ceb0add4eb100,120,False,60,100938,0.46249713587328894
ablation,casia_b_pose_no_global_seed55_20260918T180927607626Z,tcn,no_global,55,b060fe06dcb4298c31bdf3dbccb281438e81f18e,1776934f9c734c06a9f275ecbd5dd046382dc45097ba027fd95ceb0add4eb100,120,False,60,100938,0.45439177241499745
ablation,casia_b_pose_no_part_masking_seed11_20260918T162629279904Z,tcn,no_part_masking,11,b060fe06dcb4298c31bdf3dbccb281438e81f18e,1776934f9c734c06a9f275ecbd5dd046382dc45097ba027fd95ceb0add4eb100,120,False,60,100938,0.4269221436150838
ablation,casia_b_pose_no_part_masking_seed22_20260918T165904706559Z,tcn,no_part_masking,22,b060fe06dcb4298c31bdf3dbccb281438e81f18e,1776934f9c734c06a9f275ecbd5dd046382dc45097ba027fd95ceb0add4eb100,120,False,60,100938,0.45355906213465563
ablation,casia_b_pose_no_part_masking_seed33_20260918T165919230633Z,tcn,no_part_masking,33,b060fe06dcb4298c31bdf3dbccb281438e81f18e,1776934f9c734c06a9f275ecbd5dd046382dc45097ba027fd95ceb0add4eb100,120,False,60,100938,0.4235822734544571
ablation,casia_b_pose_no_part_masking_seed44_20260918T165944217324Z,tcn,no_part_masking,44,b060fe06dcb4298c31bdf3dbccb281438e81f18e,1776934f9c734c06a9f275ecbd5dd046382dc45097ba027fd95ceb0add4eb100,120,False,60,100938,0.4572709046872074
ablation,casia_b_pose_no_part_masking_seed55_20260918T173156545076Z,tcn,no_part_masking,55,b060fe06dcb4298c31bdf3dbccb281438e81f18e,1776934f9c734c06a9f275ecbd5dd046382dc45097ba027fd95ceb0add4eb100,120,False,60,100938,0.42394295114118397
ablation,casia_b_pose_no_part_seed11_20260918T183651837707Z,tcn,no_part,11,b060fe06dcb4298c31bdf3dbccb281438e81f18e,1776934f9c734c06a9f275ecbd5dd046382dc45097ba027fd95ceb0add4eb100,120,False,60,100938,0.3911868333908367
ablation,casia_b_pose_no_part_seed22_20260918T184342806909Z,tcn,no_part,22,b060fe06dcb4298c31bdf3dbccb281438e81f18e,1776934f9c734c06a9f275ecbd5dd046382dc45097ba027fd95ceb0add4eb100,120,False,60,100938,0.4230542311089165
ablation,casia_b_pose_no_part_seed33_20260918T184410243258Z,tcn,no_part,33,b060fe06dcb4298c31bdf3dbccb281438e81f18e,1776934f9c734c06a9f275ecbd5dd046382dc45097ba027fd95ceb0add4eb100,120,False,60,100938,0.4291447971580136
ablation,casia_b_pose_no_part_seed44_20260918T190728524523Z,tcn,no_part,44,b060fe06dcb4298c31bdf3dbccb281438e81f18e,1776934f9c734c06a9f275ecbd5dd046382dc45097ba027fd95ceb0add4eb100,120,False,60,100938,0.3870449341706828
ablation,casia_b_pose_no_part_seed55_20260918T191635868256Z,tcn,no_part,55,b060fe06dcb4298c31bdf3dbccb281438e81f18e,1776934f9c734c06a9f275ecbd5dd046382dc45097ba027fd95ceb0add4eb100,120,False,60,100938,0.42208370393918204
ablation,casia_b_pose_no_temporal_seed11_20260918T191724152296Z,tcn,no_temporal,11,b060fe06dcb4298c31bdf3dbccb281438e81f18e,1776934f9c734c06a9f275ecbd5dd046382dc45097ba027fd95ceb0add4eb100,120,False,60,100938,0.3469530845336461
ablation,casia_b_pose_no_temporal_seed22_20260918T193753772175Z,tcn,no_temporal,22,b060fe06dcb4298c31bdf3dbccb281438e81f18e,1776934f9c734c06a9f275ecbd5dd046382dc45097ba027fd95ceb0add4eb100,120,False,60,100938,0.3280052888852596
ablation,casia_b_pose_no_temporal_seed33_20260918T194541411048Z,tcn,no_temporal,33,b060fe06dcb4298c31bdf3dbccb281438e81f18e,1776934f9c734c06a9f275ecbd5dd046382dc45097ba027fd95ceb0add4eb100,120,False,60,100938,0.3472739187461169
ablation,casia_b_pose_no_temporal_seed44_20260918T194922256569Z,tcn,no_temporal,44,b060fe06dcb4298c31bdf3dbccb281438e81f18e,1776934f9c734c06a9f275ecbd5dd046382dc45097ba027fd95ceb0add4eb100,120,False,60,100938,0.34388791386270895
ablation,casia_b_pose_no_temporal_seed55_20260918T200442731426Z,tcn,no_temporal,55,b060fe06dcb4298c31bdf3dbccb281438e81f18e,1776934f9c734c06a9f275ecbd5dd046382dc45097ba027fd95ceb0add4eb100,120,False,60,100938,0.3284195914627829
ablation,casia_b_pose_no_visibility_seed11_20260918T210406709996Z,tcn,no_visibility,11,b060fe06dcb4298c31bdf3dbccb281438e81f18e,1776934f9c734c06a9f275ecbd5dd046382dc45097ba027fd95ceb0add4eb100,120,False,60,100938,0.429424974084185
ablation,casia_b_pose_no_visibility_seed22_20260918T212400240668Z,tcn,no_visibility,22,b060fe06dcb4298c31bdf3dbccb281438e81f18e,1776934f9c734c06a9f275ecbd5dd046382dc45097ba027fd95ceb0add4eb100,120,False,60,100938,0.4625610510738463
ablation,casia_b_pose_no_visibility_seed33_20260918T212711743447Z,tcn,no_visibility,33,b060fe06dcb4298c31bdf3dbccb281438e81f18e,1776934f9c734c06a9f275ecbd5dd046382dc45097ba027fd95ceb0add4eb100,120,False,60,100938,0.45819469660856865
ablation,casia_b_pose_no_visibility_seed44_20260918T213701782572Z,tcn,no_visibility,44,b060fe06dcb4298c31bdf3dbccb281438e81f18e,1776934f9c734c06a9f275ecbd5dd046382dc45097ba027fd95ceb0add4eb100,120,False,60,100938,0.42686991086591863
ablation,casia_b_pose_no_visibility_seed55_20260918T215913485122Z,tcn,no_visibility,55,b060fe06dcb4298c31bdf3dbccb281438e81f18e,1776934f9c734c06a9f275ecbd5dd046382dc45097ba027fd95ceb0add4eb100,120,False,60,100938,0.4598151840828359
representation_pilot,casia_b_pose_oap_supcon__clip_only_seed11_20260918T103843351659Z,tcn,oap_supcon__clip_only,11,b060fe06dcb4298c31bdf3dbccb281438e81f18e,1776934f9c734c06a9f275ecbd5dd046382dc45097ba027fd95ceb0add4eb100,120,True,60,100938,0.4658993088697187
representation_pilot,casia_b_pose_oap_supcon__confidence_only_seed11_20260918T102602944109Z,tcn,oap_supcon__confidence_only,11,3f00838b0e0dd262bb6b996b4db5b4d333537b62,1776934f9c734c06a9f275ecbd5dd046382dc45097ba027fd95ceb0add4eb100,120,False,,100938,0.7855784008644211
core,casia_b_pose_oap_supcon_seed11_20260918T131752198293Z,tcn,oap_supcon,11,b060fe06dcb4298c31bdf3dbccb281438e81f18e,1776934f9c734c06a9f275ecbd5dd046382dc45097ba027fd95ceb0add4eb100,120,False,60,100938,0.4591913748307464
ablation,casia_b_pose_oap_supcon_seed11_20260918T142810922609Z,tcn,oap_supcon,11,b060fe06dcb4298c31bdf3dbccb281438e81f18e,1776934f9c734c06a9f275ecbd5dd046382dc45097ba027fd95ceb0add4eb100,120,False,60,100938,0.46018216772108445
core,casia_b_pose_oap_supcon_seed22_20260918T132148715327Z,tcn,oap_supcon,22,b060fe06dcb4298c31bdf3dbccb281438e81f18e,1776934f9c734c06a9f275ecbd5dd046382dc45097ba027fd95ceb0add4eb100,120,False,60,100938,0.4295867530431133
ablation,casia_b_pose_oap_supcon_seed22_20260918T142810474934Z,tcn,oap_supcon,22,b060fe06dcb4298c31bdf3dbccb281438e81f18e,1776934f9c734c06a9f275ecbd5dd046382dc45097ba027fd95ceb0add4eb100,120,False,60,100938,0.46409441368913074
core,casia_b_pose_oap_supcon_seed33_20260918T134336761525Z,tcn,oap_supcon,33,b060fe06dcb4298c31bdf3dbccb281438e81f18e,1776934f9c734c06a9f275ecbd5dd046382dc45097ba027fd95ceb0add4eb100,120,False,60,100938,0.45984628110063364
ablation,casia_b_pose_oap_supcon_seed33_20260918T150315849506Z,tcn,oap_supcon,33,b060fe06dcb4298c31bdf3dbccb281438e81f18e,1776934f9c734c06a9f275ecbd5dd046382dc45097ba027fd95ceb0add4eb100,120,False,60,100938,0.4580313178203586
core,casia_b_pose_oap_supcon_seed44_20260918T135253517406Z,tcn,oap_supcon,44,b060fe06dcb4298c31bdf3dbccb281438e81f18e,1776934f9c734c06a9f275ecbd5dd046382dc45097ba027fd95ceb0add4eb100,120,False,60,100938,0.4630468861100316
ablation,casia_b_pose_oap_supcon_seed44_20260918T150328238937Z,tcn,oap_supcon,44,b060fe06dcb4298c31bdf3dbccb281438e81f18e,1776934f9c734c06a9f275ecbd5dd046382dc45097ba027fd95ceb0add4eb100,120,False,60,100938,0.4641673613901043
core,casia_b_pose_oap_supcon_seed55_20260918T135445652450Z,tcn,oap_supcon,55,b060fe06dcb4298c31bdf3dbccb281438e81f18e,1776934f9c734c06a9f275ecbd5dd046382dc45097ba027fd95ceb0add4eb100,120,False,60,100938,0.4323116153023309
ablation,casia_b_pose_oap_supcon_seed55_20260918T151521775870Z,tcn,oap_supcon,55,b060fe06dcb4298c31bdf3dbccb281438e81f18e,1776934f9c734c06a9f275ecbd5dd046382dc45097ba027fd95ceb0add4eb100,120,False,60,100938,0.4278903238490845
backbone_pilot,casia_b_pose_stgcn_oap_supcon_seed11_20260918T142810475213Z,stgcn,oap_supcon,11,b060fe06dcb4298c31bdf3dbccb281438e81f18e,1776934f9c734c06a9f275ecbd5dd046382dc45097ba027fd95ceb0add4eb100,120,False,60,364057,0.6277723748189035
