comparison,method,descriptor,endpoint,difference,ci95_low,ci95_high,probability_positive
against_metric_baseline,metric_global_supcon,global,clean,-0.018939394503831863,-0.045875422242614955,0.004629629767603344,0.0592
against_metric_baseline,metric_global_supcon,global,robust,-0.006697180609787918,-0.0420726802762753,0.03353509103310175,0.35475
against_metric_baseline,metric_global_supcon,global,severity_05,-0.0010101007274998766,-0.054271883475545714,0.06033249230175796,0.47375
against_metric_baseline,metric_global_supcon,global,occluded,-0.005082069068319268,-0.025841745810854872,0.016419402327543745,0.3182
against_metric_baseline,metric_global_supcon,reliable_parts,clean,-0.0025252526005109153,-0.031144782072967954,0.02356902427143521,0.43905
against_metric_baseline,metric_global_supcon,reliable_parts,robust,-0.0010153627178321283,-0.026026021896137133,0.02608388826354509,0.45505
against_metric_baseline,metric_global_supcon,reliable_parts,severity_05,-0.0011574066399286191,-0.03457491282153771,0.03499579134125572,0.46265
against_metric_baseline,metric_global_supcon,reliable_parts,occluded,-0.001957070824475752,-0.01888165434890349,0.015935394920944562,0.4058
against_metric_baseline,metric_part_supcon,global,clean,-0.02735690317220158,-0.06018518697884348,0.0050505052010218305,0.0488
against_metric_baseline,metric_part_supcon,global,robust,-0.061226851798387036,-0.09543889884112611,-0.02678871863689791,0.00015
against_metric_baseline,metric_part_supcon,global,severity_05,-0.08676346567355925,-0.1449915767058782,-0.03490951283019986,0.00035
against_metric_baseline,metric_part_supcon,global,occluded,-0.03669507691584942,-0.05702862310055126,-0.016540272368648513,0.0001
against_metric_baseline,metric_part_supcon,reliable_parts,clean,-0.07617845262090366,-0.10858586059055395,-0.03998316534691387,5e-05
against_metric_baseline,metric_part_supcon,reliable_parts,robust,-0.11649305709741181,-0.15583965094087437,-0.08032880918795454,0.0
against_metric_baseline,metric_part_supcon,reliable_parts,severity_05,-0.15319865048190373,-0.21195338219113183,-0.1014709596780855,0.0
against_metric_baseline,metric_part_supcon,reliable_parts,occluded,-0.08959385671187192,-0.1132156241526698,-0.06528238037200133,0.0
against_metric_baseline,metric_part_triplet,global,clean,-0.0025252526005109153,-0.04419192050894102,0.03535353640715281,0.4691
against_metric_baseline,metric_part_triplet,global,robust,-0.032559975886316456,-0.06574626693424458,0.0021367321262610777,0.03315
against_metric_baseline,metric_part_triplet,global,severity_05,-0.05151514965109527,-0.09713856573281292,-0.0032407381604166907,0.01895
against_metric_baseline,metric_part_triplet,global,occluded,-0.012173821427697677,-0.036890124920884976,0.009864398678756605,0.1555
against_metric_baseline,metric_part_triplet,reliable_parts,clean,-0.01725589277015792,-0.05935395799784196,0.018939394503831863,0.21365
against_metric_baseline,metric_part_triplet,reliable_parts,robust,-0.05651304841093305,-0.08922032982453756,-0.021711779901266316,0.0009
against_metric_baseline,metric_part_triplet,reliable_parts,severity_05,-0.0885732328105304,-0.14476010063921826,-0.03244896991074917,0.001
against_metric_baseline,metric_part_triplet,reliable_parts,occluded,-0.03848379826619445,-0.05965383250764312,-0.019170744415815646,5e-05
against_metric_baseline,oap_v2,global,clean,-0.014730640169647004,-0.0475589239762889,0.019781145370668836,0.18755
against_metric_baseline,oap_v2,global,robust,-0.03207596853220215,-0.08076073318564644,0.02396951577199307,0.13115
against_metric_baseline,oap_v2,global,severity_05,-0.0518518513870529,-0.12565287990599042,0.03729113950976157,0.12645
against_metric_baseline,oap_v2,global,occluded,-0.02367950466254519,-0.05476641719190714,0.010201102781704512,0.08555
against_metric_baseline,oap_v2,reliable_parts,clean,-0.05176767831047376,-0.09343434621890385,-0.0063131315012772875,0.0124
against_metric_baseline,oap_v2,reliable_parts,robust,-0.08828388362437384,-0.13784736010517615,-0.026683369585710666,0.00125
against_metric_baseline,oap_v2,reliable_parts,severity_05,-0.13127103848900232,-0.19810605467193657,-0.04690550972138437,0.00045
against_metric_baseline,oap_v2,reliable_parts,occluded,-0.07393203100137827,-0.10829664070883559,-0.03422151468694218,5e-05
against_metric_baseline,oap_v2_ungated,global,clean,-0.0063131315012772875,-0.046296297676033445,0.04420244239477556,0.36275
against_metric_baseline,oap_v2_ungated,global,robust,-0.021869737861884966,-0.046759394570512494,0.004072105284366331,0.04775
against_metric_baseline,oap_v2_ungated,global,severity_05,-0.03653198433393198,-0.08040824395914872,-0.0009680124014266767,0.0213
against_metric_baseline,oap_v2_ungated,global,occluded,-0.009359217080701556,-0.02572101229226165,0.008033723316879713,0.1412
against_metric_baseline,oap_v2_ungated,reliable_parts,clean,-0.04840067484312587,-0.07954545691609383,-0.01809764363699489,0.00075
against_metric_baseline,oap_v2_ungated,reliable_parts,robust,-0.06959701349316877,-0.10558778302856808,-0.037157773502015844,0.0
against_metric_baseline,oap_v2_ungated,reliable_parts,severity_05,-0.0985058902766064,-0.15357743874774316,-0.05258838339149305,0.0
against_metric_baseline,oap_v2_ungated,reliable_parts,occluded,-0.05726010383336365,-0.0761312372633256,-0.03908867388538259,0.0
reliable_parts_minus_global,metric_baseline,reliable_parts,clean,0.01515151560306549,-0.00042087543341848586,0.031986532939804926,0.97065
reliable_parts_minus_global,metric_baseline,reliable_parts,robust,0.02407407446783812,0.011237373725452927,0.03824705173206489,1.0
reliable_parts_minus_global,metric_baseline,reliable_parts,severity_05,0.03718434240565532,0.015593433718378139,0.06571969418130012,1.0
reliable_parts_minus_global,metric_baseline,reliable_parts,occluded,0.026452020974829793,0.019565182922007,0.03327059776832657,1.0
reliable_parts_minus_global,metric_global_supcon,reliable_parts,clean,0.03156565750638644,0.02062289623750581,0.04250841877526707,1.0
reliable_parts_minus_global,metric_global_supcon,reliable_parts,robust,0.029755892290268093,0.01826046958045077,0.0407617845266941,1.0
reliable_parts_minus_global,metric_global_supcon,reliable_parts,severity_05,0.03703703581624404,0.022643095849990563,0.05220959459143665,1.0
reliable_parts_minus_global,metric_global_supcon,reliable_parts,occluded,0.029577020775630243,0.023368974638611286,0.03626907363456362,1.0
reliable_parts_minus_global,metric_part_supcon,reliable_parts,clean,-0.03367003467347887,-0.05387205547756619,-0.018518519070413377,0.0
reliable_parts_minus_global,metric_part_supcon,reliable_parts,robust,-0.031192129840039544,-0.04829558732324383,-0.01632457524287425,0.0
reliable_parts_minus_global,metric_part_supcon,reliable_parts,severity_05,-0.029250842054619103,-0.049579126023095936,-0.013636363029651663,0.0
reliable_parts_minus_global,metric_part_supcon,reliable_parts,occluded,-0.026446758355531428,-0.03338081189293816,-0.01954966266138298,0.0
reliable_parts_minus_global,metric_part_triplet,reliable_parts,clean,0.00042087543341848586,0.0,0.0016835017336739434,0.51985
reliable_parts_minus_global,metric_part_triplet,reliable_parts,robust,0.00012100166190899387,3.156572031358169e-05,0.00021043764328699193,0.99705
reliable_parts_minus_global,metric_part_triplet,reliable_parts,severity_05,0.0001262626549940841,-2.104377645296819e-05,0.0003156567023563743,0.94515
reliable_parts_minus_global,metric_part_triplet,reliable_parts,occluded,0.00014204553003412576,-0.0002156980272589833,0.0004787458578648972,0.7932
reliable_parts_minus_global,oap_v2,reliable_parts,clean,-0.021885522537761264,-0.0505050520102183,0.011784512135717604,0.096
reliable_parts_minus_global,oap_v2,reliable_parts,robust,-0.03213383950100655,-0.053551663658193624,-0.01035866497993792,5e-05
reliable_parts_minus_global,oap_v2,reliable_parts,severity_05,-0.042234846879081384,-0.06818234139128536,-0.018454860028578015,0.0
reliable_parts_minus_global,oap_v2,reliable_parts,occluded,-0.02380050530417874,-0.03470643900008226,-0.013552190660306628,0.0
reliable_parts_minus_global,oap_v2_ungated,reliable_parts,clean,-0.026936027738783095,-0.05092592744363679,-0.008417508668369718,0.0009
reliable_parts_minus_global,oap_v2_ungated,reliable_parts,robust,-0.02365319963670724,-0.03892585045832675,-0.011153199837260925,0.0001
reliable_parts_minus_global,oap_v2_ungated,reliable_parts,severity_05,-0.02478956265581979,-0.03838383849797537,-0.007764098225258538,0.0031
reliable_parts_minus_global,oap_v2_ungated,reliable_parts,occluded,-0.021448865422927257,-0.029692763352391516,-0.014441023907501325,0.0
